[
{
   "model": "contenttypes.contenttype",
   "pk": 1,
   "fields": {
      "app_label": "admin",
      "model": "logentry"
   }
},
{
   "model": "contenttypes.contenttype",
   "pk": 2,
   "fields": {
      "app_label": "auth",
      "model": "user"
   }
},
{
   "model": "contenttypes.contenttype",
   "pk": 3,
   "fields": {
      "app_label": "auth",
      "model": "permission"
   }
},
{
   "model": "contenttypes.contenttype",
   "pk": 4,
   "fields": {
      "app_label": "auth",
      "model": "group"
   }
},
{
   "model": "contenttypes.contenttype",
   "pk": 5,
   "fields": {
      "app_label": "contenttypes",
      "model": "contenttype"
   }
},
{
   "model": "contenttypes.contenttype",
   "pk": 6,
   "fields": {
      "app_label": "sessions",
      "model": "session"
   }
},
{
   "model": "contenttypes.contenttype",
   "pk": 7,
   "fields": {
      "app_label": "landing",
      "model": "subscriber"
   }
},
{
   "model": "contenttypes.contenttype",
   "pk": 8,
   "fields": {
      "app_label": "orders",
      "model": "status"
   }
},
{
   "model": "contenttypes.contenttype",
   "pk": 9,
   "fields": {
      "app_label": "orders",
      "model": "order"
   }
},
{
   "model": "contenttypes.contenttype",
   "pk": 10,
   "fields": {
      "app_label": "orders",
      "model": "productinorder"
   }
},
{
   "model": "contenttypes.contenttype",
   "pk": 11,
   "fields": {
      "app_label": "products",
      "model": "product"
   }
},
{
   "model": "contenttypes.contenttype",
   "pk": 12,
   "fields": {
      "app_label": "products",
      "model": "productimage"
   }
},
{
   "model": "contenttypes.contenttype",
   "pk": 13,
   "fields": {
      "app_label": "products",
      "model": "productcategory"
   }
},
{
   "model": "contenttypes.contenttype",
   "pk": 14,
   "fields": {
      "app_label": "orders",
      "model": "productinbusket"
   }
},
{
   "model": "sessions.session",
   "pk": "2bjtd4bn0xkpm48lgmaojbdp3ct0vnxb",
   "fields": {
      "session_data": "NjYzZTA0Njc3NzliNzVhZTJiZmYwNGIwYWRiNGUyOTY0MDM4MzE1Yjp7Il9hdXRoX3VzZXJfaWQiOiIxIiwiX2F1dGhfdXNlcl9iYWNrZW5kIjoiZGphbmdvLmNvbnRyaWIuYXV0aC5iYWNrZW5kcy5Nb2RlbEJhY2tlbmQiLCJfYXV0aF91c2VyX2hhc2giOiIwYWI1NTM5NGMwYjgwNzM4NTU4YjIxMGIyN2M2MjhkYjI3ZmU5ZTY0In0=",
      "expire_date": "2018-10-24T18:22:52.214Z"
   }
},
{
   "model": "sessions.session",
   "pk": "8j2peuazo7qrvni4yyo0hl2381ru6plb",
   "fields": {
      "session_data": "YzUwYjhiMDg2NmJjYzNmNjhjMzc3OGZkYTE2MDY5OTVlN2Y0ZTg5Mjp7fQ==",
      "expire_date": "2018-10-24T17:47:25.971Z"
   }
},
{
   "model": "sessions.session",
   "pk": "llpdgydudy5usvnyen26452ahmt4g6kg",
   "fields": {
      "session_data": "NWJmODAzNTY4ZTQxYjc1MDk4NzBhZTczYTYxMTI4ZGExZGQzNTMyZjp7InNlc3Npb25fa2V5IjoxMjN9",
      "expire_date": "2018-10-28T21:05:56.495Z"
   }
},
{
   "model": "sessions.session",
   "pk": "mwn1avw5qupog0ir66atkh7l4z5yymly",
   "fields": {
      "session_data": "MmIyYTA3MzgzMDg0Y2Y1ODBhZTgyYzhhNDU5ZmYxMDhkNDk3MzlmYTp7Il9hdXRoX3VzZXJfaWQiOiIxIiwiX2F1dGhfdXNlcl9oYXNoIjoiMGFiNTUzOTRjMGI4MDczODU1OGIyMTBiMjdjNjI4ZGIyN2ZlOWU2NCIsIl9hdXRoX3VzZXJfYmFja2VuZCI6ImRqYW5nby5jb250cmliLmF1dGguYmFja2VuZHMuTW9kZWxCYWNrZW5kIn0=",
      "expire_date": "2018-10-05T03:06:49.438Z"
   }
},
{
   "model": "sessions.session",
   "pk": "vof6cpwk2i62tjbp9o4hscetbee0qpk5",
   "fields": {
      "session_data": "MmIyYTA3MzgzMDg0Y2Y1ODBhZTgyYzhhNDU5ZmYxMDhkNDk3MzlmYTp7Il9hdXRoX3VzZXJfaWQiOiIxIiwiX2F1dGhfdXNlcl9oYXNoIjoiMGFiNTUzOTRjMGI4MDczODU1OGIyMTBiMjdjNjI4ZGIyN2ZlOWU2NCIsIl9hdXRoX3VzZXJfYmFja2VuZCI6ImRqYW5nby5jb250cmliLmF1dGguYmFja2VuZHMuTW9kZWxCYWNrZW5kIn0=",
      "expire_date": "2018-10-05T03:07:53.878Z"
   }
},
{
   "model": "landing.subscriber",
   "pk": 1,
   "fields": {
      "email": "pavelstarovoitov91@gmail.com",
      "name": "pashok"
   }
},
{
   "model": "landing.subscriber",
   "pk": 24,
   "fields": {
      "email": "EFSDF@gmail.com",
      "name": "sdfsd"
   }
},
{
   "model": "landing.subscriber",
   "pk": 25,
   "fields": {
      "email": "EFSDF@gmail.com",
      "name": "sdfsd"
   }
},
{
   "model": "landing.subscriber",
   "pk": 26,
   "fields": {
      "email": "EFSDF@gmail.com",
      "name": "sdfsd"
   }
},
{
   "model": "landing.subscriber",
   "pk": 27,
   "fields": {
      "email": "EFSDF@gmail.com",
      "name": "sdfsd"
   }
},
{
   "model": "landing.subscriber",
   "pk": 28,
   "fields": {
      "email": "EFSDF@gmail.com",
      "name": "sdfsd"
   }
},
{
   "model": "landing.subscriber",
   "pk": 29,
   "fields": {
      "email": "EFSDF@gmail.com",
      "name": "sdfsd"
   }
},
{
   "model": "landing.subscriber",
   "pk": 30,
   "fields": {
      "email": "EFSDF@gmail.com",
      "name": "sdfsd"
   }
},
{
   "model": "orders.status",
   "pk": 1,
   "fields": {
      "name": "\u041d\u043e\u0432\u044b\u0439",
      "is_active": true,
      "comments": "",
      "created": "2018-09-24T15:46:46.558Z",
      "updated": "2018-09-24T15:46:46.558Z"
   }
},
{
   "model": "orders.status",
   "pk": 2,
   "fields": {
      "name": "\u0412 \u0440\u0430\u0431\u043e\u0442\u0435",
      "is_active": true,
      "comments": "",
      "created": "2018-09-24T15:46:54.484Z",
      "updated": "2018-09-24T15:46:54.484Z"
   }
},
{
   "model": "orders.status",
   "pk": 3,
   "fields": {
      "name": "\u0417\u0430\u043a\u0440\u044b\u0442",
      "is_active": true,
      "comments": "",
      "created": "2018-09-24T15:47:11.026Z",
      "updated": "2018-09-24T15:47:11.026Z"
   }
},
{
   "model": "orders.status",
   "pk": 4,
   "fields": {
      "name": "\u041e\u0442\u043c\u0435\u043d\u0435\u043d",
      "is_active": true,
      "comments": "",
      "created": "2018-09-24T15:47:27.601Z",
      "updated": "2018-09-24T15:47:27.601Z"
   }
},
{
   "model": "orders.productinorder",
   "pk": 1,
   "fields": {
      "order": 1,
      "product": 1,
      "nmb": 3,
      "price_per_item": "0.00",
      "total_price": "2100.00",
      "is_active": true,
      "created": "2018-09-24T15:49:16.594Z",
      "updated": "2018-09-24T19:35:17.010Z"
   }
},
{
   "model": "orders.productinorder",
   "pk": 3,
   "fields": {
      "order": 2,
      "product": 1,
      "nmb": 5,
      "price_per_item": "700.00",
      "total_price": "3500.00",
      "is_active": true,
      "created": "2018-09-24T19:52:12.829Z",
      "updated": "2018-09-24T19:59:39.420Z"
   }
},
{
   "model": "orders.productinorder",
   "pk": 4,
   "fields": {
      "order": 2,
      "product": 1,
      "nmb": 1,
      "price_per_item": "700.00",
      "total_price": "700.00",
      "is_active": true,
      "created": "2018-09-24T19:58:34.722Z",
      "updated": "2018-09-24T19:58:34.722Z"
   }
},
{
   "model": "orders.productinorder",
   "pk": 5,
   "fields": {
      "order": 5,
      "product": 2,
      "nmb": 4,
      "price_per_item": "300.00",
      "total_price": "1200.00",
      "is_active": true,
      "created": "2018-10-15T19:10:45.006Z",
      "updated": "2018-10-15T19:10:45.006Z"
   }
},
{
   "model": "orders.productinorder",
   "pk": 6,
   "fields": {
      "order": 5,
      "product": 3,
      "nmb": 2,
      "price_per_item": "350.00",
      "total_price": "700.00",
      "is_active": true,
      "created": "2018-10-15T19:10:45.044Z",
      "updated": "2018-10-15T19:10:45.044Z"
   }
},
{
   "model": "orders.productinorder",
   "pk": 7,
   "fields": {
      "order": 5,
      "product": 1,
      "nmb": 4,
      "price_per_item": "700.00",
      "total_price": "2800.00",
      "is_active": true,
      "created": "2018-10-15T19:10:45.085Z",
      "updated": "2018-10-15T19:10:45.085Z"
   }
},
{
   "model": "orders.productinorder",
   "pk": 8,
   "fields": {
      "order": 6,
      "product": 1,
      "nmb": 2,
      "price_per_item": "700.00",
      "total_price": "1400.00",
      "is_active": true,
      "created": "2018-10-15T19:31:06.324Z",
      "updated": "2018-10-15T19:31:06.324Z"
   }
},
{
   "model": "orders.productinbusket",
   "pk": 54,
   "fields": {
      "session_key": "2bjtd4bn0xkpm48lgmaojbdp3ct0vnxb",
      "order": 6,
      "product": 1,
      "nmb": 2,
      "price_per_item": "700.00",
      "total_price": "1400.00",
      "is_active": true,
      "created": "2018-10-15T19:29:49.730Z",
      "updated": "2018-10-15T19:31:06.304Z"
   }
},
{
   "model": "products.productcategory",
   "pk": 1,
   "fields": {
      "name": "\u0422\u0435\u043b\u0435\u0444\u043e\u043d\u044b",
      "is_active": true
   }
},
{
   "model": "products.productcategory",
   "pk": 2,
   "fields": {
      "name": "\u041d\u043e\u0443\u0442\u0431\u0443\u043a\u0438",
      "is_active": true
   }
},
{
   "model": "products.product",
   "pk": 1,
   "fields": {
      "name": "Iphone 7 256 \u0433\u0431",
      "price": "700.00",
      "discount": 0,
      "category": 1,
      "short_description": "",
      "description": "iPhone 2017-\u0433\u043e \u0433\u043e\u0434\u0430 \u0431\u0443\u0434\u0435\u0442 \u043e\u0441\u043e\u0431\u0435\u043d\u043d\u044b\u043c \u2014 \u044d\u0442\u043e \u0441\u0442\u0430\u043b\u043e \u044f\u0441\u043d\u043e \u0435\u0449\u0435 \u043b\u0435\u0442\u043e\u043c 2016-\u0433\u043e. \u0421\u043d\u0430\u0447\u0430\u043b\u0430 \u043f\u043e\u043f\u043e\u043b\u0437\u043b\u0438 \u0434\u0430\u0436\u0435 \u0435\u0449\u0435 \u043d\u0435 \u0441\u043b\u0443\u0445\u0438, \u0430 \u0442\u0430\u043a \u2014 \u0444\u0430\u043d\u0430\u0442\u0441\u043a\u0438\u0435 \u0442\u0435\u043e\u0440\u0438\u0438: \u043c\u043e\u043b, \u0432 2017-\u043c \u0438\u0441\u043f\u043e\u043b\u043d\u044f\u0435\u0442\u0441\u044f 10 \u043b\u0435\u0442 \u0441\u0430\u043c\u043e\u043c\u0443 \u043f\u0435\u0440\u0432\u043e\u043c\u0443 \u0441\u043c\u0430\u0440\u0442\u0444\u043e\u043d\u0443 Apple, \u0438 \u043a\u043e\u043c\u043f\u0430\u043d\u0438\u044f \u043f\u043e\u0441\u0442\u0430\u0440\u0430\u0435\u0442\u0441\u044f \u043f\u043e \u043c\u0430\u043a\u0441\u0438\u043c\u0443\u043c\u0443 \u0443\u0434\u0438\u0432\u0438\u0442\u044c \u043e\u0447\u0435\u0440\u0435\u0434\u043d\u043e\u0439 \u043d\u043e\u0432\u0438\u043d\u043a\u043e\u0439, \u0440\u0435\u0430\u043b\u0438\u0437\u043e\u0432\u0430\u0432 \u0432 \u043d\u0435\u0439 \u0438\u043d\u043d\u043e\u0432\u0430\u0446\u0438\u043e\u043d\u043d\u044b\u0439 \u0434\u0438\u0437\u0430\u0439\u043d \u0438 \u0441\u0430\u043c\u044b\u0435 \u043f\u0440\u043e\u0433\u0440\u0435\u0441\u0441\u0438\u0432\u043d\u044b\u0435 \u0442\u0435\u0445\u043d\u043e\u043b\u043e\u0433\u0438\u0438, \u043a\u0430\u043a \u043d\u0435 \u043e\u0441\u0432\u043e\u0435\u043d\u043d\u044b\u0435 \u043f\u043e\u043a\u0430 \u043d\u0438 \u043e\u0434\u043d\u0438\u043c \u0434\u0440\u0443\u0433\u0438\u043c \u043f\u0440\u043e\u0438\u0437\u0432\u043e\u0434\u0438\u0442\u0435\u043b\u0435\u043c, \u0442\u0430\u043a \u0438 \u0442\u0435, \u043d\u0430 \u043e\u0442\u0441\u0443\u0442\u0441\u0442\u0432\u0438\u0435 \u043a\u043e\u0442\u043e\u0440\u044b\u0445 \u0432 \"\u0430\u0439\u0444\u043e\u043d\u0430\u0445\"",
      "created": "2018-09-24T15:25:29.003Z",
      "updated": "2018-10-02T13:46:22.288Z",
      "is_active": true
   }
},
{
   "model": "products.product",
   "pk": 2,
   "fields": {
      "name": "samsung",
      "price": "300.00",
      "discount": 0,
      "category": 1,
      "short_description": "",
      "description": "Network \tTechnology \t\r\nGSM / HSPA / LTE\r\nLaunch \tAnnounced \t2018, September\r\nStatus \tComing soon. Exp. release 2018, October\r\nBody \tDimensions \t159.8 x 76.8 x 7.5 mm (6.29 x 3.02 x 0.30 in)\r\nWeight \t168 g (5.93 oz)\r\nBuild \tFront/back glass, aluminum frame\r\nSIM \tSingle SIM (Nano-SIM) or Dual SIM (Nano-SIM, dual stand-by)\r\n \t- Samsung Pay\r\nDisplay \tType \tSuper AMOLED capacitive touchscreen, 16M colors\r\nSize \t6.0 inches, 91.4 cm2 (~74.4% screen-to-body ratio)\r\nResolution \t1080 x 2220 pixels, 18.5:9 ratio (~411 ppi density)\r\nMultitouch \tYes\r\nProtection \tCorning Gorilla Glass (unspecified version)\r\n \t- Always-on display\r\nPlatform \tOS \tAndroid 8.0 (Oreo)\r\nCPU \tOcta-core 2.2 GHz Cortex-A53\r\nMemory \tCard slot \tmicroSD, up to 512 GB (dedicated slot)\r\nInternal \t128 GB, 4/6 GB RAM or 64 GB, 4 GB RAM\r\nMain Camera \tTriple \t24 MP, f/1.7, PDAF\r\n8 MP, f/2.4, 13mm (ultrawide)\r\n5 MP, f/2.2, depth sensor\r\nFeatures \tLED flash, panorama, HDR\r\nVideo \t2160p@30fps, 1080p@30fps\r\nSelfie camera \tSingle \t24 MP, f/2.0\r\nFeatures \tHDR\r\nVideo \t1080p@30fps\r\nSound \tAlert types \tVibration; MP3, WAV ringtones\r\nLoudspeaker \tYes\r\n3.5mm jack \tYes\r\n \t- Active noise cancellation with dedicated mic\r\n- Dolby Atmos sound\r\nComms \tWLAN \tWi-Fi 802.11 a/b/g/n/ac, dual-band, WiFi Direct, hotspot\r\nBluetooth \t5.0, A2DP, LE\r\nGPS \tYes, with A-GPS, GLONASS, BDS\r\nNFC \tYes (optional)\r\nRadio \tFM radio\r\nUSB \tmicroUSB 2.0\r\nFeatures \tSensors \tFingerprint (side-mounted), accelerometer, gyro, proximity, compass\r\nMessaging \tSMS(threaded view), MMS, Email, Push Email, IM\r\nBrowser \tHTML5\r\n \t- ANT+ support\r\n- MP4/WMV/H.265 player\r\n- MP3/WAV/WMA/eAAC+/FLAC player\r\n- Photo/video editor\r\n- Document viewer\r\nBattery \t  \tNon-removable Li-Ion 3300 mAh battery\r\nMisc \tColors \tBlack, blue, gold, pink",
      "created": "2018-09-24T19:59:08.955Z",
      "updated": "2018-10-02T13:45:52.989Z",
      "is_active": true
   }
},
{
   "model": "products.product",
   "pk": 3,
   "fields": {
      "name": "\u041d\u043e\u0443\u0442\u0431\u0443\u043a Lenovo 320-15IAP (80XR01CARU)",
      "price": "350.00",
      "discount": 10,
      "category": 2,
      "short_description": "\u041e\u0441\u043d\u043e\u0432\u043d\u044b\u0435 \u0445\u0430\u0440\u0430\u043a\u0442\u0435\u0440\u0438\u0441\u0442\u0438\u043a\u0438\r\n\u0422\u0438\u043f \u0443\u043d\u0438\u0432\u0435\u0440\u0441\u0430\u043b\u044c\u043d\u044b\u0439\r\n\u041b\u0438\u043d\u0435\u0439\u043a\u0430 Ideapad (Lenovo)\r\n\u0414\u0430\u0442\u0430 \u0432\u044b\u0445\u043e\u0434\u0430 \u043d\u0430 \u0440\u044b\u043d\u043e\u043a 2017 \u0433.\r\n\u041e\u043f\u0435\u0440\u0430\u0446\u0438\u043e\u043d\u043d\u0430\u044f \u0441\u0438\u0441\u0442\u0435\u043c\u0430 DOS \r\n\u0421\u0435\u0440\u0442\u0438\u0444\u0438\u043a\u0430\u0446\u0438\u044f \u0420\u0421\u0422 / \u0421\u0422\u0411 / EAC\r\n\u041f\u0440\u043e\u0446\u0435\u0441\u0441\u043e\u0440\r\n\u041f\u043b\u0430\u0442\u0444\u043e\u0440\u043c\u0430 (\u043a\u043e\u0434\u043e\u0432\u043e\u0435 \u043d\u0430\u0437\u0432\u0430\u043d\u0438\u0435) Intel Apollo Lake (2016)\r\n\u041f\u0440\u043e\u0446\u0435\u0441\u0441\u043e\u0440 Intel Celeron\r\n\u041c\u043e\u0434\u0435\u043b\u044c \u043f\u0440\u043e\u0446\u0435\u0441\u0441\u043e\u0440\u0430 Intel Celeron N3350\r\n\u041a\u043e\u043b\u0438\u0447\u0435\u0441\u0442\u0432\u043e \u044f\u0434\u0435\u0440 2\r\n\u0422\u0430\u043a\u0442\u043e\u0432\u0430\u044f \u0447\u0430\u0441\u0442\u043e\u0442\u0430 1100 \u041c\u0413\u0446\r\n\u0422\u0443\u0440\u0431\u043e-\u0447\u0430\u0441\u0442\u043e\u0442\u0430 2400 \u041c\u0413\u0446\r\n\u041a\u044d\u0448 (\u043e\u0431\u0449\u0438\u0439, L2 \u0438\u043b\u0438 L3) 2 \u041c\u0431\r\n\u0422\u0435\u043f\u043b\u043e\u0432\u044b\u0434\u0435\u043b\u0435\u043d\u0438\u0435 \u043f\u0440\u043e\u0446\u0435\u0441\u0441\u043e\u0440\u0430 (TDP) 6 \u0412\u0442",
      "description": "",
      "created": "2018-10-02T16:43:31.298Z",
      "updated": "2018-10-02T16:45:27.799Z",
      "is_active": true
   }
},
{
   "model": "products.productimage",
   "pk": 2,
   "fields": {
      "product": 1,
      "image": "products_images/index2.jpg",
      "is_main": false,
      "is_active": true,
      "created": "2018-09-24T15:32:01.238Z",
      "updated": "2018-10-01T18:40:28.366Z"
   }
},
{
   "model": "products.productimage",
   "pk": 3,
   "fields": {
      "product": 1,
      "image": "products_images/index.jpg",
      "is_main": false,
      "is_active": true,
      "created": "2018-09-24T15:34:10.588Z",
      "updated": "2018-10-01T18:40:28.371Z"
   }
},
{
   "model": "products.productimage",
   "pk": 4,
   "fields": {
      "product": 1,
      "image": "products_images/index_MC1zcmz.jpg",
      "is_main": true,
      "is_active": true,
      "created": "2018-09-24T15:43:01.665Z",
      "updated": "2018-10-01T18:40:28.379Z"
   }
},
{
   "model": "products.productimage",
   "pk": 5,
   "fields": {
      "product": 2,
      "image": "products_images/Samsung-Galaxy-S6-0_kp5CZlh.jpg",
      "is_main": true,
      "is_active": true,
      "created": "2018-10-01T07:28:58.210Z",
      "updated": "2018-10-01T18:46:21.019Z"
   }
},
{
   "model": "products.productimage",
   "pk": 6,
   "fields": {
      "product": 3,
      "image": "products_images/32015iap80xr01caru_lenovo_5b47728bb12f7_10b8hhC.jpg",
      "is_main": true,
      "is_active": true,
      "created": "2018-10-02T16:43:31.307Z",
      "updated": "2018-10-02T16:45:27.818Z"
   }
},
{
   "model": "products.productimage",
   "pk": 7,
   "fields": {
      "product": 3,
      "image": "products_images/32015iap80xr01caru_lenovo_5b47728c08141.jpg",
      "is_main": false,
      "is_active": true,
      "created": "2018-10-02T16:43:31.314Z",
      "updated": "2018-10-02T16:43:31.314Z"
   }
},
{
   "model": "auth.permission",
   "pk": 1,
   "fields": {
      "name": "Can add log entry",
      "content_type": 1,
      "codename": "add_logentry"
   }
},
{
   "model": "auth.permission",
   "pk": 2,
   "fields": {
      "name": "Can change log entry",
      "content_type": 1,
      "codename": "change_logentry"
   }
},
{
   "model": "auth.permission",
   "pk": 3,
   "fields": {
      "name": "Can delete log entry",
      "content_type": 1,
      "codename": "delete_logentry"
   }
},
{
   "model": "auth.permission",
   "pk": 4,
   "fields": {
      "name": "Can add user",
      "content_type": 2,
      "codename": "add_user"
   }
},
{
   "model": "auth.permission",
   "pk": 5,
   "fields": {
      "name": "Can change user",
      "content_type": 2,
      "codename": "change_user"
   }
},
{
   "model": "auth.permission",
   "pk": 6,
   "fields": {
      "name": "Can delete user",
      "content_type": 2,
      "codename": "delete_user"
   }
},
{
   "model": "auth.permission",
   "pk": 7,
   "fields": {
      "name": "Can add permission",
      "content_type": 3,
      "codename": "add_permission"
   }
},
{
   "model": "auth.permission",
   "pk": 8,
   "fields": {
      "name": "Can change permission",
      "content_type": 3,
      "codename": "change_permission"
   }
},
{
   "model": "auth.permission",
   "pk": 9,
   "fields": {
      "name": "Can delete permission",
      "content_type": 3,
      "codename": "delete_permission"
   }
},
{
   "model": "auth.permission",
   "pk": 10,
   "fields": {
      "name": "Can add group",
      "content_type": 4,
      "codename": "add_group"
   }
},
{
   "model": "auth.permission",
   "pk": 11,
   "fields": {
      "name": "Can change group",
      "content_type": 4,
      "codename": "change_group"
   }
},
{
   "model": "auth.permission",
   "pk": 12,
   "fields": {
      "name": "Can delete group",
      "content_type": 4,
      "codename": "delete_group"
   }
},
{
   "model": "auth.permission",
   "pk": 13,
   "fields": {
      "name": "Can add content type",
      "content_type": 5,
      "codename": "add_contenttype"
   }
},
{
   "model": "auth.permission",
   "pk": 14,
   "fields": {
      "name": "Can change content type",
      "content_type": 5,
      "codename": "change_contenttype"
   }
},
{
   "model": "auth.permission",
   "pk": 15,
   "fields": {
      "name": "Can delete content type",
      "content_type": 5,
      "codename": "delete_contenttype"
   }
},
{
   "model": "auth.permission",
   "pk": 16,
   "fields": {
      "name": "Can add session",
      "content_type": 6,
      "codename": "add_session"
   }
},
{
   "model": "auth.permission",
   "pk": 17,
   "fields": {
      "name": "Can change session",
      "content_type": 6,
      "codename": "change_session"
   }
},
{
   "model": "auth.permission",
   "pk": 18,
   "fields": {
      "name": "Can delete session",
      "content_type": 6,
      "codename": "delete_session"
   }
},
{
   "model": "auth.permission",
   "pk": 19,
   "fields": {
      "name": "Can add subscribers",
      "content_type": 7,
      "codename": "add_subscribers"
   }
},
{
   "model": "auth.permission",
   "pk": 20,
   "fields": {
      "name": "Can change subscribers",
      "content_type": 7,
      "codename": "change_subscribers"
   }
},
{
   "model": "auth.permission",
   "pk": 21,
   "fields": {
      "name": "Can delete subscribers",
      "content_type": 7,
      "codename": "delete_subscribers"
   }
},
{
   "model": "auth.permission",
   "pk": 22,
   "fields": {
      "name": "Can add subscriber",
      "content_type": 7,
      "codename": "add_subscriber"
   }
},
{
   "model": "auth.permission",
   "pk": 23,
   "fields": {
      "name": "Can change subscriber",
      "content_type": 7,
      "codename": "change_subscriber"
   }
},
{
   "model": "auth.permission",
   "pk": 24,
   "fields": {
      "name": "Can delete subscriber",
      "content_type": 7,
      "codename": "delete_subscriber"
   }
},
{
   "model": "auth.permission",
   "pk": 25,
   "fields": {
      "name": "Can add \u0421\u0442\u0430\u0442\u0443\u0441 \u0437\u0430\u043a\u0430\u0437\u0430",
      "content_type": 8,
      "codename": "add_status"
   }
},
{
   "model": "auth.permission",
   "pk": 26,
   "fields": {
      "name": "Can change \u0421\u0442\u0430\u0442\u0443\u0441 \u0437\u0430\u043a\u0430\u0437\u0430",
      "content_type": 8,
      "codename": "change_status"
   }
},
{
   "model": "auth.permission",
   "pk": 27,
   "fields": {
      "name": "Can delete \u0421\u0442\u0430\u0442\u0443\u0441 \u0437\u0430\u043a\u0430\u0437\u0430",
      "content_type": 8,
      "codename": "delete_status"
   }
},
{
   "model": "auth.permission",
   "pk": 28,
   "fields": {
      "name": "Can add \u0417\u0430\u043a\u0430\u0437",
      "content_type": 9,
      "codename": "add_order"
   }
},
{
   "model": "auth.permission",
   "pk": 29,
   "fields": {
      "name": "Can change \u0417\u0430\u043a\u0430\u0437",
      "content_type": 9,
      "codename": "change_order"
   }
},
{
   "model": "auth.permission",
   "pk": 30,
   "fields": {
      "name": "Can delete \u0417\u0430\u043a\u0430\u0437",
      "content_type": 9,
      "codename": "delete_order"
   }
},
{
   "model": "auth.permission",
   "pk": 31,
   "fields": {
      "name": "Can add \u0422\u043e\u0432\u0430\u0440",
      "content_type": 10,
      "codename": "add_productinorder"
   }
},
{
   "model": "auth.permission",
   "pk": 32,
   "fields": {
      "name": "Can change \u0422\u043e\u0432\u0430\u0440",
      "content_type": 10,
      "codename": "change_productinorder"
   }
},
{
   "model": "auth.permission",
   "pk": 33,
   "fields": {
      "name": "Can delete \u0422\u043e\u0432\u0430\u0440",
      "content_type": 10,
      "codename": "delete_productinorder"
   }
},
{
   "model": "auth.permission",
   "pk": 34,
   "fields": {
      "name": "Can add \u0422\u043e\u0432\u0430\u0440",
      "content_type": 11,
      "codename": "add_product"
   }
},
{
   "model": "auth.permission",
   "pk": 35,
   "fields": {
      "name": "Can change \u0422\u043e\u0432\u0430\u0440",
      "content_type": 11,
      "codename": "change_product"
   }
},
{
   "model": "auth.permission",
   "pk": 36,
   "fields": {
      "name": "Can delete \u0422\u043e\u0432\u0430\u0440",
      "content_type": 11,
      "codename": "delete_product"
   }
},
{
   "model": "auth.permission",
   "pk": 37,
   "fields": {
      "name": "Can add \u0424\u043e\u0442\u043e\u0433\u0440\u0430\u0444\u0438\u044f",
      "content_type": 12,
      "codename": "add_productimage"
   }
},
{
   "model": "auth.permission",
   "pk": 38,
   "fields": {
      "name": "Can change \u0424\u043e\u0442\u043e\u0433\u0440\u0430\u0444\u0438\u044f",
      "content_type": 12,
      "codename": "change_productimage"
   }
},
{
   "model": "auth.permission",
   "pk": 39,
   "fields": {
      "name": "Can delete \u0424\u043e\u0442\u043e\u0433\u0440\u0430\u0444\u0438\u044f",
      "content_type": 12,
      "codename": "delete_productimage"
   }
},
{
   "model": "auth.permission",
   "pk": 40,
   "fields": {
      "name": "Can add \u041a\u0430\u0442\u0435\u0433\u043e\u0440\u0438\u044f \u0442\u043e\u0432\u0430\u0440\u0430",
      "content_type": 13,
      "codename": "add_productcategory"
   }
},
{
   "model": "auth.permission",
   "pk": 41,
   "fields": {
      "name": "Can change \u041a\u0430\u0442\u0435\u0433\u043e\u0440\u0438\u044f \u0442\u043e\u0432\u0430\u0440\u0430",
      "content_type": 13,
      "codename": "change_productcategory"
   }
},
{
   "model": "auth.permission",
   "pk": 42,
   "fields": {
      "name": "Can delete \u041a\u0430\u0442\u0435\u0433\u043e\u0440\u0438\u044f \u0442\u043e\u0432\u0430\u0440\u0430",
      "content_type": 13,
      "codename": "delete_productcategory"
   }
},
{
   "model": "auth.permission",
   "pk": 43,
   "fields": {
      "name": "Can add \u0422\u043e\u0432\u0430\u0440 \u0432 \u043a\u043e\u0440\u0437\u0438\u043d\u0435",
      "content_type": 14,
      "codename": "add_productinbusket"
   }
},
{
   "model": "auth.permission",
   "pk": 44,
   "fields": {
      "name": "Can change \u0422\u043e\u0432\u0430\u0440 \u0432 \u043a\u043e\u0440\u0437\u0438\u043d\u0435",
      "content_type": 14,
      "codename": "change_productinbusket"
   }
},
{
   "model": "auth.permission",
   "pk": 45,
   "fields": {
      "name": "Can delete \u0422\u043e\u0432\u0430\u0440 \u0432 \u043a\u043e\u0440\u0437\u0438\u043d\u0435",
      "content_type": 14,
      "codename": "delete_productinbusket"
   }
},
{
   "model": "auth.user",
   "pk": 1,
   "fields": {
      "password": "pbkdf2_sha256$30000$yFstGdwK3phw$NLXiAiZ/sjV0k53lnAWOOALkeItepBihP773sjkrAwo=",
      "last_login": "2018-10-10T18:22:52.200Z",
      "is_superuser": true,
      "username": "admin",
      "first_name": "",
      "last_name": "",
      "email": "starovoitov.p@tut.by",
      "is_staff": true,
      "is_active": true,
      "date_joined": "2018-09-21T03:06:08.951Z",
      "groups": [],
      "user_permissions": []
   }
},
{
   "model": "auth.user",
   "pk": 2,
   "fields": {
      "password": "",
      "last_login": null,
      "is_superuser": false,
      "username": "123445",
      "first_name": "Test name",
      "last_name": "",
      "email": "",
      "is_staff": false,
      "is_active": true,
      "date_joined": "2018-10-15T19:01:56.313Z",
      "groups": [],
      "user_permissions": []
   }
},
{
   "model": "auth.user",
   "pk": 3,
   "fields": {
      "password": "",
      "last_login": null,
      "is_superuser": false,
      "username": "123",
      "first_name": "Test name",
      "last_name": "",
      "email": "",
      "is_staff": false,
      "is_active": true,
      "date_joined": "2018-10-15T19:02:30.886Z",
      "groups": [],
      "user_permissions": []
   }
},
{
   "model": "auth.user",
   "pk": 4,
   "fields": {
      "password": "",
      "last_login": null,
      "is_superuser": false,
      "username": "1234567",
      "first_name": "Test name",
      "last_name": "",
      "email": "",
      "is_staff": false,
      "is_active": true,
      "date_joined": "2018-10-15T19:31:06.274Z",
      "groups": [],
      "user_permissions": []
   }
},
{
   "model": "orders.order",
   "pk": 1,
   "fields": {
      "user": null,
      "total_price": "2100.00",
      "customer_email": "",
      "customer_name": "pashok",
      "customer_phone": "112233",
      "customer_address": null,
      "status": 1,
      "comments": "\u0434\u043e\u0441\u0442\u0430\u0432\u043a\u0430",
      "created": "2018-09-24T15:48:17.805Z",
      "updated": "2018-09-24T19:35:16.998Z"
   }
},
{
   "model": "orders.order",
   "pk": 2,
   "fields": {
      "user": null,
      "total_price": "3500.00",
      "customer_email": "",
      "customer_name": "",
      "customer_phone": "",
      "customer_address": "",
      "status": 1,
      "comments": "",
      "created": "2018-09-24T19:40:44.794Z",
      "updated": "2018-09-24T19:59:39.423Z"
   }
},
{
   "model": "orders.order",
   "pk": 3,
   "fields": {
      "user": 3,
      "total_price": "0.00",
      "customer_email": null,
      "customer_name": "Test name",
      "customer_phone": "123",
      "customer_address": null,
      "status": 1,
      "comments": null,
      "created": "2018-10-15T19:03:33.084Z",
      "updated": "2018-10-15T19:03:33.084Z"
   }
},
{
   "model": "orders.order",
   "pk": 4,
   "fields": {
      "user": 3,
      "total_price": "0.00",
      "customer_email": null,
      "customer_name": "Test name",
      "customer_phone": "123",
      "customer_address": null,
      "status": 1,
      "comments": null,
      "created": "2018-10-15T19:07:53.355Z",
      "updated": "2018-10-15T19:07:53.355Z"
   }
},
{
   "model": "orders.order",
   "pk": 5,
   "fields": {
      "user": 3,
      "total_price": "2800.00",
      "customer_email": null,
      "customer_name": "Test name",
      "customer_phone": "123",
      "customer_address": null,
      "status": 1,
      "comments": null,
      "created": "2018-10-15T19:10:44.965Z",
      "updated": "2018-10-15T19:10:45.094Z"
   }
},
{
   "model": "orders.order",
   "pk": 6,
   "fields": {
      "user": 4,
      "total_price": "1400.00",
      "customer_email": null,
      "customer_name": "Test name",
      "customer_phone": "1234567",
      "customer_address": null,
      "status": 1,
      "comments": null,
      "created": "2018-10-15T19:31:06.293Z",
      "updated": "2018-10-15T19:31:06.333Z"
   }
},
{
   "model": "admin.logentry",
   "pk": 1,
   "fields": {
      "action_time": "2018-09-21T03:14:07.924Z",
      "user": 1,
      "content_type": 7,
      "object_id": "1",
      "object_repr": "Subscribers object",
      "action_flag": 1,
      "change_message": "[{\"added\": {}}]"
   }
},
{
   "model": "admin.logentry",
   "pk": 2,
   "fields": {
      "action_time": "2018-09-21T03:14:49.229Z",
      "user": 1,
      "content_type": 7,
      "object_id": "1",
      "object_repr": "Subscribers object",
      "action_flag": 2,
      "change_message": "[]"
   }
},
{
   "model": "admin.logentry",
   "pk": 3,
   "fields": {
      "action_time": "2018-09-21T18:32:42.914Z",
      "user": 1,
      "content_type": 7,
      "object_id": "9",
      "object_repr": "sfdslsdl",
      "action_flag": 3,
      "change_message": ""
   }
},
{
   "model": "admin.logentry",
   "pk": 4,
   "fields": {
      "action_time": "2018-09-21T18:33:05.415Z",
      "user": 1,
      "content_type": 7,
      "object_id": "8",
      "object_repr": "sfdslsdl",
      "action_flag": 3,
      "change_message": ""
   }
},
{
   "model": "admin.logentry",
   "pk": 5,
   "fields": {
      "action_time": "2018-09-21T18:33:05.424Z",
      "user": 1,
      "content_type": 7,
      "object_id": "7",
      "object_repr": "sfdslsdl",
      "action_flag": 3,
      "change_message": ""
   }
},
{
   "model": "admin.logentry",
   "pk": 6,
   "fields": {
      "action_time": "2018-09-21T18:33:05.433Z",
      "user": 1,
      "content_type": 7,
      "object_id": "6",
      "object_repr": "sfdslsdl",
      "action_flag": 3,
      "change_message": ""
   }
},
{
   "model": "admin.logentry",
   "pk": 7,
   "fields": {
      "action_time": "2018-09-21T18:33:05.443Z",
      "user": 1,
      "content_type": 7,
      "object_id": "5",
      "object_repr": "sfdslsdl",
      "action_flag": 3,
      "change_message": ""
   }
},
{
   "model": "admin.logentry",
   "pk": 8,
   "fields": {
      "action_time": "2018-09-21T18:33:05.452Z",
      "user": 1,
      "content_type": 7,
      "object_id": "4",
      "object_repr": "sfdslsdl",
      "action_flag": 3,
      "change_message": ""
   }
},
{
   "model": "admin.logentry",
   "pk": 9,
   "fields": {
      "action_time": "2018-09-21T18:33:05.462Z",
      "user": 1,
      "content_type": 7,
      "object_id": "3",
      "object_repr": "sfdslsdl",
      "action_flag": 3,
      "change_message": ""
   }
},
{
   "model": "admin.logentry",
   "pk": 10,
   "fields": {
      "action_time": "2018-09-21T18:33:05.473Z",
      "user": 1,
      "content_type": 7,
      "object_id": "2",
      "object_repr": "sfdslsdl",
      "action_flag": 3,
      "change_message": ""
   }
},
{
   "model": "admin.logentry",
   "pk": 11,
   "fields": {
      "action_time": "2018-09-22T02:26:50.851Z",
      "user": 1,
      "content_type": 7,
      "object_id": "18",
      "object_repr": " \u041f\u043e\u043b\u044c\u0437\u043e\u0432\u0430\u0435\u0442\u0435\u043b\u044c pashok EFSDF@gmail.com",
      "action_flag": 3,
      "change_message": ""
   }
},
{
   "model": "admin.logentry",
   "pk": 12,
   "fields": {
      "action_time": "2018-09-22T02:26:50.863Z",
      "user": 1,
      "content_type": 7,
      "object_id": "17",
      "object_repr": " \u041f\u043e\u043b\u044c\u0437\u043e\u0432\u0430\u0435\u0442\u0435\u043b\u044c pavelstarovoitov91@gmail.com EFSDF@gmail.com",
      "action_flag": 3,
      "change_message": ""
   }
},
{
   "model": "admin.logentry",
   "pk": 13,
   "fields": {
      "action_time": "2018-09-22T02:26:50.871Z",
      "user": 1,
      "content_type": 7,
      "object_id": "16",
      "object_repr": " \u041f\u043e\u043b\u044c\u0437\u043e\u0432\u0430\u0435\u0442\u0435\u043b\u044c pavelstarovoitov91@gmail.com EFSDF@gmail.com",
      "action_flag": 3,
      "change_message": ""
   }
},
{
   "model": "admin.logentry",
   "pk": 14,
   "fields": {
      "action_time": "2018-09-22T02:26:50.881Z",
      "user": 1,
      "content_type": 7,
      "object_id": "15",
      "object_repr": " \u041f\u043e\u043b\u044c\u0437\u043e\u0432\u0430\u0435\u0442\u0435\u043b\u044c pavelstarovoitov91@gmail.com EFSDF@gmail.com",
      "action_flag": 3,
      "change_message": ""
   }
},
{
   "model": "admin.logentry",
   "pk": 15,
   "fields": {
      "action_time": "2018-09-22T02:26:50.889Z",
      "user": 1,
      "content_type": 7,
      "object_id": "14",
      "object_repr": " \u041f\u043e\u043b\u044c\u0437\u043e\u0432\u0430\u0435\u0442\u0435\u043b\u044c pavelstarovoitov91@gmail.com EFSDF@gmail.com",
      "action_flag": 3,
      "change_message": ""
   }
},
{
   "model": "admin.logentry",
   "pk": 16,
   "fields": {
      "action_time": "2018-09-22T02:26:50.897Z",
      "user": 1,
      "content_type": 7,
      "object_id": "13",
      "object_repr": " \u041f\u043e\u043b\u044c\u0437\u043e\u0432\u0430\u0435\u0442\u0435\u043b\u044c pavelstarovoitov91@gmail.com EFSDF@gmail.com",
      "action_flag": 3,
      "change_message": ""
   }
},
{
   "model": "admin.logentry",
   "pk": 17,
   "fields": {
      "action_time": "2018-09-22T02:26:50.905Z",
      "user": 1,
      "content_type": 7,
      "object_id": "12",
      "object_repr": " \u041f\u043e\u043b\u044c\u0437\u043e\u0432\u0430\u0435\u0442\u0435\u043b\u044c pavelstarovoitov91@gmail.com EFSDF@gmail.com",
      "action_flag": 3,
      "change_message": ""
   }
},
{
   "model": "admin.logentry",
   "pk": 18,
   "fields": {
      "action_time": "2018-09-22T02:26:50.917Z",
      "user": 1,
      "content_type": 7,
      "object_id": "11",
      "object_repr": " \u041f\u043e\u043b\u044c\u0437\u043e\u0432\u0430\u0435\u0442\u0435\u043b\u044c pavelstarovoitov91@gmail.com EFSDF@gmail.com",
      "action_flag": 3,
      "change_message": ""
   }
},
{
   "model": "admin.logentry",
   "pk": 19,
   "fields": {
      "action_time": "2018-09-22T02:26:50.926Z",
      "user": 1,
      "content_type": 7,
      "object_id": "10",
      "object_repr": " \u041f\u043e\u043b\u044c\u0437\u043e\u0432\u0430\u0435\u0442\u0435\u043b\u044c sfdslsdl EFSDF@gmail.com",
      "action_flag": 3,
      "change_message": ""
   }
},
{
   "model": "admin.logentry",
   "pk": 20,
   "fields": {
      "action_time": "2018-09-22T02:34:56.081Z",
      "user": 1,
      "content_type": 7,
      "object_id": "23",
      "object_repr": " \u041f\u043e\u043b\u044c\u0437\u043e\u0432\u0430\u0435\u0442\u0435\u043b\u044c 123 EFSDF@gmail.com",
      "action_flag": 3,
      "change_message": ""
   }
},
{
   "model": "admin.logentry",
   "pk": 21,
   "fields": {
      "action_time": "2018-09-22T02:34:56.101Z",
      "user": 1,
      "content_type": 7,
      "object_id": "22",
      "object_repr": " \u041f\u043e\u043b\u044c\u0437\u043e\u0432\u0430\u0435\u0442\u0435\u043b\u044c 123 EFSDF@gmail.com",
      "action_flag": 3,
      "change_message": ""
   }
},
{
   "model": "admin.logentry",
   "pk": 22,
   "fields": {
      "action_time": "2018-09-22T02:34:56.114Z",
      "user": 1,
      "content_type": 7,
      "object_id": "21",
      "object_repr": " \u041f\u043e\u043b\u044c\u0437\u043e\u0432\u0430\u0435\u0442\u0435\u043b\u044c pashok EFSDF@gmail.com",
      "action_flag": 3,
      "change_message": ""
   }
},
{
   "model": "admin.logentry",
   "pk": 23,
   "fields": {
      "action_time": "2018-09-22T02:34:56.121Z",
      "user": 1,
      "content_type": 7,
      "object_id": "20",
      "object_repr": " \u041f\u043e\u043b\u044c\u0437\u043e\u0432\u0430\u0435\u0442\u0435\u043b\u044c pashok EFSDF@gmail.com",
      "action_flag": 3,
      "change_message": ""
   }
},
{
   "model": "admin.logentry",
   "pk": 24,
   "fields": {
      "action_time": "2018-09-22T02:34:56.132Z",
      "user": 1,
      "content_type": 7,
      "object_id": "19",
      "object_repr": " \u041f\u043e\u043b\u044c\u0437\u043e\u0432\u0430\u0435\u0442\u0435\u043b\u044c pashok EFSDF@gmail.com",
      "action_flag": 3,
      "change_message": ""
   }
},
{
   "model": "admin.logentry",
   "pk": 25,
   "fields": {
      "action_time": "2018-09-24T15:25:29.015Z",
      "user": 1,
      "content_type": 11,
      "object_id": "1",
      "object_repr": "  1 ",
      "action_flag": 1,
      "change_message": "[{\"added\": {}}]"
   }
},
{
   "model": "admin.logentry",
   "pk": 26,
   "fields": {
      "action_time": "2018-09-24T15:29:55.639Z",
      "user": 1,
      "content_type": 12,
      "object_id": "1",
      "object_repr": "  1 ",
      "action_flag": 1,
      "change_message": "[{\"added\": {}}]"
   }
},
{
   "model": "admin.logentry",
   "pk": 27,
   "fields": {
      "action_time": "2018-09-24T15:32:01.240Z",
      "user": 1,
      "content_type": 12,
      "object_id": "2",
      "object_repr": "  2 ",
      "action_flag": 1,
      "change_message": "[{\"added\": {}}]"
   }
},
{
   "model": "admin.logentry",
   "pk": 28,
   "fields": {
      "action_time": "2018-09-24T15:34:10.607Z",
      "user": 1,
      "content_type": 12,
      "object_id": "3",
      "object_repr": "  3 ",
      "action_flag": 1,
      "change_message": "[{\"added\": {}}]"
   }
},
{
   "model": "admin.logentry",
   "pk": 29,
   "fields": {
      "action_time": "2018-09-24T15:34:28.183Z",
      "user": 1,
      "content_type": 12,
      "object_id": "1",
      "object_repr": "  1 ",
      "action_flag": 3,
      "change_message": ""
   }
},
{
   "model": "admin.logentry",
   "pk": 30,
   "fields": {
      "action_time": "2018-09-24T15:43:01.666Z",
      "user": 1,
      "content_type": 11,
      "object_id": "1",
      "object_repr": "  Iphone 7 256 \u0433\u0431 ",
      "action_flag": 2,
      "change_message": "[{\"added\": {\"name\": \"\\u0424\\u043e\\u0442\\u043e\\u0433\\u0440\\u0430\\u0444\\u0438\\u044f\", \"object\": \"  4 \"}}]"
   }
},
{
   "model": "admin.logentry",
   "pk": 31,
   "fields": {
      "action_time": "2018-09-24T15:46:46.560Z",
      "user": 1,
      "content_type": 8,
      "object_id": "1",
      "object_repr": " \u0421\u0442\u0430\u0442\u0443\u0441 \u041d\u043e\u0432\u044b\u0439 ",
      "action_flag": 1,
      "change_message": "[{\"added\": {}}]"
   }
},
{
   "model": "admin.logentry",
   "pk": 32,
   "fields": {
      "action_time": "2018-09-24T15:46:54.486Z",
      "user": 1,
      "content_type": 8,
      "object_id": "2",
      "object_repr": " \u0421\u0442\u0430\u0442\u0443\u0441 \u0412 \u0440\u0430\u0431\u043e\u0442\u0435 ",
      "action_flag": 1,
      "change_message": "[{\"added\": {}}]"
   }
},
{
   "model": "admin.logentry",
   "pk": 33,
   "fields": {
      "action_time": "2018-09-24T15:47:11.027Z",
      "user": 1,
      "content_type": 8,
      "object_id": "3",
      "object_repr": " \u0421\u0442\u0430\u0442\u0443\u0441 \u0417\u0430\u043a\u0440\u044b\u0442 ",
      "action_flag": 1,
      "change_message": "[{\"added\": {}}]"
   }
},
{
   "model": "admin.logentry",
   "pk": 34,
   "fields": {
      "action_time": "2018-09-24T15:47:27.603Z",
      "user": 1,
      "content_type": 8,
      "object_id": "4",
      "object_repr": " \u0421\u0442\u0430\u0442\u0443\u0441 \u041e\u0442\u043c\u0435\u043d\u0435\u043d ",
      "action_flag": 1,
      "change_message": "[{\"added\": {}}]"
   }
},
{
   "model": "admin.logentry",
   "pk": 35,
   "fields": {
      "action_time": "2018-09-24T15:48:17.807Z",
      "user": 1,
      "content_type": 9,
      "object_id": "1",
      "object_repr": " \u0417\u0430\u043a\u0430\u0437 1 \u041d\u043e\u0432\u044b\u0439 ",
      "action_flag": 1,
      "change_message": "[{\"added\": {}}]"
   }
},
{
   "model": "admin.logentry",
   "pk": 36,
   "fields": {
      "action_time": "2018-09-24T15:49:16.607Z",
      "user": 1,
      "content_type": 10,
      "object_id": "1",
      "object_repr": " \u0417\u0430\u043a\u0430\u0437 Iphone 7 256 \u0433\u0431 ",
      "action_flag": 1,
      "change_message": "[{\"added\": {}}]"
   }
},
{
   "model": "admin.logentry",
   "pk": 37,
   "fields": {
      "action_time": "2018-09-24T19:33:44.605Z",
      "user": 1,
      "content_type": 11,
      "object_id": "1",
      "object_repr": "  Iphone 7 256 \u0433\u0431 ",
      "action_flag": 2,
      "change_message": "[{\"changed\": {\"fields\": [\"price\"]}}]"
   }
},
{
   "model": "admin.logentry",
   "pk": 38,
   "fields": {
      "action_time": "2018-09-24T19:35:17.011Z",
      "user": 1,
      "content_type": 10,
      "object_id": "1",
      "object_repr": " \u0417\u0430\u043a\u0430\u0437 Iphone 7 256 \u0433\u0431 ",
      "action_flag": 2,
      "change_message": "[{\"changed\": {\"fields\": [\"nmb\"]}}]"
   }
},
{
   "model": "admin.logentry",
   "pk": 39,
   "fields": {
      "action_time": "2018-09-24T19:40:44.813Z",
      "user": 1,
      "content_type": 9,
      "object_id": "2",
      "object_repr": " \u0417\u0430\u043a\u0430\u0437 2 \u041d\u043e\u0432\u044b\u0439 ",
      "action_flag": 1,
      "change_message": "[{\"added\": {}}, {\"added\": {\"name\": \"\\u0422\\u043e\\u0432\\u0430\\u0440 \\u0432 \\u0437\\u0430\\u043a\\u0430\\u0437\\u0435\", \"object\": \" \\u0417\\u0430\\u043a\\u0430\\u0437 Iphone 7 256 \\u0433\\u0431 \"}}]"
   }
},
{
   "model": "admin.logentry",
   "pk": 40,
   "fields": {
      "action_time": "2018-09-24T19:52:12.833Z",
      "user": 1,
      "content_type": 9,
      "object_id": "2",
      "object_repr": " \u0417\u0430\u043a\u0430\u0437 2 \u041d\u043e\u0432\u044b\u0439 ",
      "action_flag": 2,
      "change_message": "[{\"added\": {\"name\": \"\\u0422\\u043e\\u0432\\u0430\\u0440 \\u0432 \\u0437\\u0430\\u043a\\u0430\\u0437\\u0435\", \"object\": \" \\u0417\\u0430\\u043a\\u0430\\u0437 Iphone 7 256 \\u0433\\u0431 \"}}]"
   }
},
{
   "model": "admin.logentry",
   "pk": 41,
   "fields": {
      "action_time": "2018-09-24T19:57:16.241Z",
      "user": 1,
      "content_type": 9,
      "object_id": "2",
      "object_repr": " \u0417\u0430\u043a\u0430\u0437 2 \u041d\u043e\u0432\u044b\u0439 ",
      "action_flag": 2,
      "change_message": "[]"
   }
},
{
   "model": "admin.logentry",
   "pk": 42,
   "fields": {
      "action_time": "2018-09-24T19:57:31.516Z",
      "user": 1,
      "content_type": 9,
      "object_id": "2",
      "object_repr": " \u0417\u0430\u043a\u0430\u0437 2 \u041d\u043e\u0432\u044b\u0439 ",
      "action_flag": 2,
      "change_message": "[{\"changed\": {\"object\": \" \\u0417\\u0430\\u043a\\u0430\\u0437 Iphone 7 256 \\u0433\\u0431 \", \"name\": \"\\u0422\\u043e\\u0432\\u0430\\u0440 \\u0432 \\u0437\\u0430\\u043a\\u0430\\u0437\\u0435\", \"fields\": [\"nmb\"]}}, {\"changed\": {\"object\": \" \\u0417\\u0430\\u043a\\u0430\\u0437 Iphone 7 256 \\u0433\\u0431 \", \"name\": \"\\u0422\\u043e\\u0432\\u0430\\u0440 \\u0432 \\u0437\\u0430\\u043a\\u0430\\u0437\\u0435\", \"fields\": [\"nmb\"]}}]"
   }
},
{
   "model": "admin.logentry",
   "pk": 43,
   "fields": {
      "action_time": "2018-09-24T19:57:43.742Z",
      "user": 1,
      "content_type": 9,
      "object_id": "2",
      "object_repr": " \u0417\u0430\u043a\u0430\u0437 2 \u041d\u043e\u0432\u044b\u0439 ",
      "action_flag": 2,
      "change_message": "[{\"deleted\": {\"object\": \" \\u0417\\u0430\\u043a\\u0430\\u0437 Iphone 7 256 \\u0433\\u0431 \", \"name\": \"\\u0422\\u043e\\u0432\\u0430\\u0440 \\u0432 \\u0437\\u0430\\u043a\\u0430\\u0437\\u0435\"}}]"
   }
},
{
   "model": "admin.logentry",
   "pk": 44,
   "fields": {
      "action_time": "2018-09-24T19:58:24.312Z",
      "user": 1,
      "content_type": 9,
      "object_id": "2",
      "object_repr": " \u0417\u0430\u043a\u0430\u0437 2 \u041d\u043e\u0432\u044b\u0439 ",
      "action_flag": 2,
      "change_message": "[{\"changed\": {\"object\": \" \\u0417\\u0430\\u043a\\u0430\\u0437 Iphone 7 256 \\u0433\\u0431 \", \"name\": \"\\u0422\\u043e\\u0432\\u0430\\u0440 \\u0432 \\u0437\\u0430\\u043a\\u0430\\u0437\\u0435\", \"fields\": [\"nmb\"]}}]"
   }
},
{
   "model": "admin.logentry",
   "pk": 45,
   "fields": {
      "action_time": "2018-09-24T19:58:34.729Z",
      "user": 1,
      "content_type": 9,
      "object_id": "2",
      "object_repr": " \u0417\u0430\u043a\u0430\u0437 2 \u041d\u043e\u0432\u044b\u0439 ",
      "action_flag": 2,
      "change_message": "[{\"added\": {\"object\": \" \\u0417\\u0430\\u043a\\u0430\\u0437 Iphone 7 256 \\u0433\\u0431 \", \"name\": \"\\u0422\\u043e\\u0432\\u0430\\u0440 \\u0432 \\u0437\\u0430\\u043a\\u0430\\u0437\\u0435\"}}]"
   }
},
{
   "model": "admin.logentry",
   "pk": 46,
   "fields": {
      "action_time": "2018-09-24T19:59:08.969Z",
      "user": 1,
      "content_type": 11,
      "object_id": "2",
      "object_repr": "  300 samsung ",
      "action_flag": 1,
      "change_message": "[{\"added\": {}}]"
   }
},
{
   "model": "admin.logentry",
   "pk": 47,
   "fields": {
      "action_time": "2018-09-24T19:59:26.595Z",
      "user": 1,
      "content_type": 9,
      "object_id": "2",
      "object_repr": " \u0417\u0430\u043a\u0430\u0437 2 \u041d\u043e\u0432\u044b\u0439 ",
      "action_flag": 2,
      "change_message": "[{\"changed\": {\"object\": \" \\u0417\\u0430\\u043a\\u0430\\u0437 samsung \", \"name\": \"\\u0422\\u043e\\u0432\\u0430\\u0440 \\u0432 \\u0437\\u0430\\u043a\\u0430\\u0437\\u0435\", \"fields\": [\"product\"]}}]"
   }
},
{
   "model": "admin.logentry",
   "pk": 48,
   "fields": {
      "action_time": "2018-09-24T19:59:39.427Z",
      "user": 1,
      "content_type": 9,
      "object_id": "2",
      "object_repr": " \u0417\u0430\u043a\u0430\u0437 2 \u041d\u043e\u0432\u044b\u0439 ",
      "action_flag": 2,
      "change_message": "[{\"changed\": {\"object\": \" \\u0417\\u0430\\u043a\\u0430\\u0437 Iphone 7 256 \\u0433\\u0431 \", \"name\": \"\\u0422\\u043e\\u0432\\u0430\\u0440 \\u0432 \\u0437\\u0430\\u043a\\u0430\\u0437\\u0435\", \"fields\": [\"product\"]}}]"
   }
},
{
   "model": "admin.logentry",
   "pk": 49,
   "fields": {
      "action_time": "2018-09-27T17:40:05.948Z",
      "user": 1,
      "content_type": 11,
      "object_id": "2",
      "object_repr": "  300.00 samsung ",
      "action_flag": 2,
      "change_message": "[{\"changed\": {\"fields\": [\"description\"]}}]"
   }
},
{
   "model": "admin.logentry",
   "pk": 50,
   "fields": {
      "action_time": "2018-10-01T07:27:04.677Z",
      "user": 1,
      "content_type": 12,
      "object_id": "4",
      "object_repr": "  4 ",
      "action_flag": 2,
      "change_message": "[{\"changed\": {\"fields\": [\"is_main\"]}}]"
   }
},
{
   "model": "admin.logentry",
   "pk": 51,
   "fields": {
      "action_time": "2018-10-01T07:28:58.211Z",
      "user": 1,
      "content_type": 11,
      "object_id": "2",
      "object_repr": "  300.00 samsung ",
      "action_flag": 2,
      "change_message": "[{\"added\": {\"name\": \"\\u0424\\u043e\\u0442\\u043e\\u0433\\u0440\\u0430\\u0444\\u0438\\u044f\", \"object\": \"  5 \"}}]"
   }
},
{
   "model": "admin.logentry",
   "pk": 52,
   "fields": {
      "action_time": "2018-10-01T18:38:20.304Z",
      "user": 1,
      "content_type": 12,
      "object_id": "5",
      "object_repr": "  5 ",
      "action_flag": 2,
      "change_message": "[{\"changed\": {\"fields\": [\"image\"]}}]"
   }
},
{
   "model": "admin.logentry",
   "pk": 53,
   "fields": {
      "action_time": "2018-10-01T18:40:28.379Z",
      "user": 1,
      "content_type": 11,
      "object_id": "1",
      "object_repr": "  700.00 Iphone 7 256 \u0433\u0431 ",
      "action_flag": 2,
      "change_message": "[{\"changed\": {\"object\": \"  2 \", \"name\": \"\\u0424\\u043e\\u0442\\u043e\\u0433\\u0440\\u0430\\u0444\\u0438\\u044f\", \"fields\": [\"image\"]}}, {\"changed\": {\"object\": \"  3 \", \"name\": \"\\u0424\\u043e\\u0442\\u043e\\u0433\\u0440\\u0430\\u0444\\u0438\\u044f\", \"fields\": [\"image\"]}}, {\"changed\": {\"object\": \"  4 \", \"name\": \"\\u0424\\u043e\\u0442\\u043e\\u0433\\u0440\\u0430\\u0444\\u0438\\u044f\", \"fields\": [\"image\"]}}]"
   }
},
{
   "model": "admin.logentry",
   "pk": 54,
   "fields": {
      "action_time": "2018-10-01T18:45:14.963Z",
      "user": 1,
      "content_type": 11,
      "object_id": "2",
      "object_repr": "  300.00 samsung ",
      "action_flag": 2,
      "change_message": "[{\"changed\": {\"object\": \"  5 \", \"name\": \"\\u0424\\u043e\\u0442\\u043e\\u0433\\u0440\\u0430\\u0444\\u0438\\u044f\", \"fields\": [\"image\"]}}]"
   }
},
{
   "model": "admin.logentry",
   "pk": 55,
   "fields": {
      "action_time": "2018-10-01T18:46:21.021Z",
      "user": 1,
      "content_type": 11,
      "object_id": "2",
      "object_repr": "  300.00 samsung ",
      "action_flag": 2,
      "change_message": "[{\"changed\": {\"object\": \"  5 \", \"name\": \"\\u0424\\u043e\\u0442\\u043e\\u0433\\u0440\\u0430\\u0444\\u0438\\u044f\", \"fields\": [\"image\"]}}]"
   }
},
{
   "model": "admin.logentry",
   "pk": 56,
   "fields": {
      "action_time": "2018-10-02T13:44:17.114Z",
      "user": 1,
      "content_type": 13,
      "object_id": "1",
      "object_repr": "  \u0422\u0435\u043b\u0435\u0444\u043e\u043d\u044b",
      "action_flag": 1,
      "change_message": "[{\"added\": {}}]"
   }
},
{
   "model": "admin.logentry",
   "pk": 57,
   "fields": {
      "action_time": "2018-10-02T13:44:23.326Z",
      "user": 1,
      "content_type": 13,
      "object_id": "1",
      "object_repr": "  \u0422\u0435\u043b\u0435\u0444\u043e\u043d\u044b",
      "action_flag": 2,
      "change_message": "[]"
   }
},
{
   "model": "admin.logentry",
   "pk": 58,
   "fields": {
      "action_time": "2018-10-02T13:44:34.514Z",
      "user": 1,
      "content_type": 13,
      "object_id": "2",
      "object_repr": "  \u041d\u043e\u0443\u0442\u0431\u0443\u043a\u0438",
      "action_flag": 1,
      "change_message": "[{\"added\": {}}]"
   }
},
{
   "model": "admin.logentry",
   "pk": 59,
   "fields": {
      "action_time": "2018-10-02T13:44:37.851Z",
      "user": 1,
      "content_type": 13,
      "object_id": "3",
      "object_repr": "  ",
      "action_flag": 1,
      "change_message": "[{\"added\": {}}]"
   }
},
{
   "model": "admin.logentry",
   "pk": 60,
   "fields": {
      "action_time": "2018-10-02T13:44:53.426Z",
      "user": 1,
      "content_type": 13,
      "object_id": "3",
      "object_repr": "  ",
      "action_flag": 3,
      "change_message": ""
   }
},
{
   "model": "admin.logentry",
   "pk": 61,
   "fields": {
      "action_time": "2018-10-02T13:45:52.992Z",
      "user": 1,
      "content_type": 11,
      "object_id": "2",
      "object_repr": "  300.00 samsung ",
      "action_flag": 2,
      "change_message": "[{\"changed\": {\"fields\": [\"type\"]}}]"
   }
},
{
   "model": "admin.logentry",
   "pk": 62,
   "fields": {
      "action_time": "2018-10-02T13:46:22.301Z",
      "user": 1,
      "content_type": 11,
      "object_id": "1",
      "object_repr": "  700.00 Iphone 7 256 \u0433\u0431 ",
      "action_flag": 2,
      "change_message": "[{\"changed\": {\"fields\": [\"type\"]}}]"
   }
},
{
   "model": "admin.logentry",
   "pk": 63,
   "fields": {
      "action_time": "2018-10-02T16:43:31.315Z",
      "user": 1,
      "content_type": 11,
      "object_id": "3",
      "object_repr": "  350 \u041d\u043e\u0443\u0442\u0431\u0443\u043a Lenovo 320-15IAP (80XR01CARU) ",
      "action_flag": 1,
      "change_message": "[{\"added\": {}}, {\"added\": {\"object\": \"  6 \", \"name\": \"\\u0424\\u043e\\u0442\\u043e\\u0433\\u0440\\u0430\\u0444\\u0438\\u044f\"}}, {\"added\": {\"object\": \"  7 \", \"name\": \"\\u0424\\u043e\\u0442\\u043e\\u0433\\u0440\\u0430\\u0444\\u0438\\u044f\"}}]"
   }
},
{
   "model": "admin.logentry",
   "pk": 64,
   "fields": {
      "action_time": "2018-10-02T16:45:27.819Z",
      "user": 1,
      "content_type": 11,
      "object_id": "3",
      "object_repr": "  350.00 \u041d\u043e\u0443\u0442\u0431\u0443\u043a Lenovo 320-15IAP (80XR01CARU) ",
      "action_flag": 2,
      "change_message": "[{\"changed\": {\"fields\": [\"image\"], \"object\": \"  6 \", \"name\": \"\\u0424\\u043e\\u0442\\u043e\\u0433\\u0440\\u0430\\u0444\\u0438\\u044f\"}}]"
   }
},
{
   "model": "admin.logentry",
   "pk": 65,
   "fields": {
      "action_time": "2018-10-10T18:32:23.236Z",
      "user": 1,
      "content_type": 14,
      "object_id": "23",
      "object_repr": " \u0417\u0430\u043a\u0430\u0437 Iphone 7 256 \u0433\u0431 ",
      "action_flag": 3,
      "change_message": ""
   }
},
{
   "model": "admin.logentry",
   "pk": 66,
   "fields": {
      "action_time": "2018-10-10T18:32:23.270Z",
      "user": 1,
      "content_type": 14,
      "object_id": "22",
      "object_repr": " \u0417\u0430\u043a\u0430\u0437 Iphone 7 256 \u0433\u0431 ",
      "action_flag": 3,
      "change_message": ""
   }
},
{
   "model": "admin.logentry",
   "pk": 67,
   "fields": {
      "action_time": "2018-10-10T18:32:23.295Z",
      "user": 1,
      "content_type": 14,
      "object_id": "21",
      "object_repr": " \u0417\u0430\u043a\u0430\u0437 Iphone 7 256 \u0433\u0431 ",
      "action_flag": 3,
      "change_message": ""
   }
},
{
   "model": "admin.logentry",
   "pk": 68,
   "fields": {
      "action_time": "2018-10-10T18:32:23.321Z",
      "user": 1,
      "content_type": 14,
      "object_id": "20",
      "object_repr": " \u0417\u0430\u043a\u0430\u0437 Iphone 7 256 \u0433\u0431 ",
      "action_flag": 3,
      "change_message": ""
   }
},
{
   "model": "admin.logentry",
   "pk": 69,
   "fields": {
      "action_time": "2018-10-10T18:32:23.349Z",
      "user": 1,
      "content_type": 14,
      "object_id": "19",
      "object_repr": " \u0417\u0430\u043a\u0430\u0437 Iphone 7 256 \u0433\u0431 ",
      "action_flag": 3,
      "change_message": ""
   }
},
{
   "model": "admin.logentry",
   "pk": 70,
   "fields": {
      "action_time": "2018-10-10T18:32:23.377Z",
      "user": 1,
      "content_type": 14,
      "object_id": "18",
      "object_repr": " \u0417\u0430\u043a\u0430\u0437 Iphone 7 256 \u0433\u0431 ",
      "action_flag": 3,
      "change_message": ""
   }
},
{
   "model": "admin.logentry",
   "pk": 71,
   "fields": {
      "action_time": "2018-10-10T18:32:23.405Z",
      "user": 1,
      "content_type": 14,
      "object_id": "17",
      "object_repr": " \u0417\u0430\u043a\u0430\u0437 Iphone 7 256 \u0433\u0431 ",
      "action_flag": 3,
      "change_message": ""
   }
},
{
   "model": "admin.logentry",
   "pk": 72,
   "fields": {
      "action_time": "2018-10-10T18:32:23.434Z",
      "user": 1,
      "content_type": 14,
      "object_id": "16",
      "object_repr": " \u0417\u0430\u043a\u0430\u0437 Iphone 7 256 \u0433\u0431 ",
      "action_flag": 3,
      "change_message": ""
   }
},
{
   "model": "admin.logentry",
   "pk": 73,
   "fields": {
      "action_time": "2018-10-10T18:32:23.464Z",
      "user": 1,
      "content_type": 14,
      "object_id": "15",
      "object_repr": " \u0417\u0430\u043a\u0430\u0437 Iphone 7 256 \u0433\u0431 ",
      "action_flag": 3,
      "change_message": ""
   }
},
{
   "model": "admin.logentry",
   "pk": 74,
   "fields": {
      "action_time": "2018-10-10T18:32:23.492Z",
      "user": 1,
      "content_type": 14,
      "object_id": "14",
      "object_repr": " \u0417\u0430\u043a\u0430\u0437 Iphone 7 256 \u0433\u0431 ",
      "action_flag": 3,
      "change_message": ""
   }
},
{
   "model": "admin.logentry",
   "pk": 75,
   "fields": {
      "action_time": "2018-10-10T18:32:23.519Z",
      "user": 1,
      "content_type": 14,
      "object_id": "13",
      "object_repr": " \u0417\u0430\u043a\u0430\u0437 Iphone 7 256 \u0433\u0431 ",
      "action_flag": 3,
      "change_message": ""
   }
},
{
   "model": "admin.logentry",
   "pk": 76,
   "fields": {
      "action_time": "2018-10-10T18:32:23.545Z",
      "user": 1,
      "content_type": 14,
      "object_id": "12",
      "object_repr": " \u0417\u0430\u043a\u0430\u0437 \u041d\u043e\u0443\u0442\u0431\u0443\u043a Lenovo 320-15IAP (80XR01CARU) ",
      "action_flag": 3,
      "change_message": ""
   }
},
{
   "model": "admin.logentry",
   "pk": 77,
   "fields": {
      "action_time": "2018-10-10T18:32:23.569Z",
      "user": 1,
      "content_type": 14,
      "object_id": "11",
      "object_repr": " \u0417\u0430\u043a\u0430\u0437 Iphone 7 256 \u0433\u0431 ",
      "action_flag": 3,
      "change_message": ""
   }
},
{
   "model": "admin.logentry",
   "pk": 78,
   "fields": {
      "action_time": "2018-10-10T18:32:23.594Z",
      "user": 1,
      "content_type": 14,
      "object_id": "10",
      "object_repr": " \u0417\u0430\u043a\u0430\u0437 Iphone 7 256 \u0433\u0431 ",
      "action_flag": 3,
      "change_message": ""
   }
},
{
   "model": "admin.logentry",
   "pk": 79,
   "fields": {
      "action_time": "2018-10-10T18:32:23.620Z",
      "user": 1,
      "content_type": 14,
      "object_id": "9",
      "object_repr": " \u0417\u0430\u043a\u0430\u0437 Iphone 7 256 \u0433\u0431 ",
      "action_flag": 3,
      "change_message": ""
   }
},
{
   "model": "admin.logentry",
   "pk": 80,
   "fields": {
      "action_time": "2018-10-10T18:32:23.650Z",
      "user": 1,
      "content_type": 14,
      "object_id": "8",
      "object_repr": " \u0417\u0430\u043a\u0430\u0437 \u041d\u043e\u0443\u0442\u0431\u0443\u043a Lenovo 320-15IAP (80XR01CARU) ",
      "action_flag": 3,
      "change_message": ""
   }
},
{
   "model": "admin.logentry",
   "pk": 81,
   "fields": {
      "action_time": "2018-10-10T18:32:23.676Z",
      "user": 1,
      "content_type": 14,
      "object_id": "7",
      "object_repr": " \u0417\u0430\u043a\u0430\u0437 \u041d\u043e\u0443\u0442\u0431\u0443\u043a Lenovo 320-15IAP (80XR01CARU) ",
      "action_flag": 3,
      "change_message": ""
   }
},
{
   "model": "admin.logentry",
   "pk": 82,
   "fields": {
      "action_time": "2018-10-10T18:32:23.700Z",
      "user": 1,
      "content_type": 14,
      "object_id": "6",
      "object_repr": " \u0417\u0430\u043a\u0430\u0437 \u041d\u043e\u0443\u0442\u0431\u0443\u043a Lenovo 320-15IAP (80XR01CARU) ",
      "action_flag": 3,
      "change_message": ""
   }
},
{
   "model": "admin.logentry",
   "pk": 83,
   "fields": {
      "action_time": "2018-10-10T18:32:23.725Z",
      "user": 1,
      "content_type": 14,
      "object_id": "5",
      "object_repr": " \u0417\u0430\u043a\u0430\u0437 \u041d\u043e\u0443\u0442\u0431\u0443\u043a Lenovo 320-15IAP (80XR01CARU) ",
      "action_flag": 3,
      "change_message": ""
   }
},
{
   "model": "admin.logentry",
   "pk": 84,
   "fields": {
      "action_time": "2018-10-10T18:32:23.749Z",
      "user": 1,
      "content_type": 14,
      "object_id": "4",
      "object_repr": " \u0417\u0430\u043a\u0430\u0437 samsung ",
      "action_flag": 3,
      "change_message": ""
   }
},
{
   "model": "admin.logentry",
   "pk": 85,
   "fields": {
      "action_time": "2018-10-10T18:32:23.779Z",
      "user": 1,
      "content_type": 14,
      "object_id": "3",
      "object_repr": " \u0417\u0430\u043a\u0430\u0437 samsung ",
      "action_flag": 3,
      "change_message": ""
   }
},
{
   "model": "admin.logentry",
   "pk": 86,
   "fields": {
      "action_time": "2018-10-10T18:32:23.804Z",
      "user": 1,
      "content_type": 14,
      "object_id": "2",
      "object_repr": " \u0417\u0430\u043a\u0430\u0437 samsung ",
      "action_flag": 3,
      "change_message": ""
   }
},
{
   "model": "admin.logentry",
   "pk": 87,
   "fields": {
      "action_time": "2018-10-10T18:32:23.824Z",
      "user": 1,
      "content_type": 14,
      "object_id": "1",
      "object_repr": " \u0417\u0430\u043a\u0430\u0437 samsung ",
      "action_flag": 3,
      "change_message": ""
   }
},
{
   "model": "admin.logentry",
   "pk": 88,
   "fields": {
      "action_time": "2018-10-10T19:20:06.797Z",
      "user": 1,
      "content_type": 14,
      "object_id": "30",
      "object_repr": " \u0417\u0430\u043a\u0430\u0437 \u041d\u043e\u0443\u0442\u0431\u0443\u043a Lenovo 320-15IAP (80XR01CARU) ",
      "action_flag": 3,
      "change_message": ""
   }
},
{
   "model": "admin.logentry",
   "pk": 89,
   "fields": {
      "action_time": "2018-10-10T19:20:06.813Z",
      "user": 1,
      "content_type": 14,
      "object_id": "29",
      "object_repr": " \u0417\u0430\u043a\u0430\u0437 samsung ",
      "action_flag": 3,
      "change_message": ""
   }
},
{
   "model": "admin.logentry",
   "pk": 90,
   "fields": {
      "action_time": "2018-10-10T19:20:06.827Z",
      "user": 1,
      "content_type": 14,
      "object_id": "28",
      "object_repr": " \u0417\u0430\u043a\u0430\u0437 samsung ",
      "action_flag": 3,
      "change_message": ""
   }
},
{
   "model": "admin.logentry",
   "pk": 91,
   "fields": {
      "action_time": "2018-10-10T19:20:06.841Z",
      "user": 1,
      "content_type": 14,
      "object_id": "27",
      "object_repr": " \u0417\u0430\u043a\u0430\u0437 samsung ",
      "action_flag": 3,
      "change_message": ""
   }
},
{
   "model": "admin.logentry",
   "pk": 92,
   "fields": {
      "action_time": "2018-10-10T19:20:06.857Z",
      "user": 1,
      "content_type": 14,
      "object_id": "26",
      "object_repr": " \u0417\u0430\u043a\u0430\u0437 samsung ",
      "action_flag": 3,
      "change_message": ""
   }
},
{
   "model": "admin.logentry",
   "pk": 93,
   "fields": {
      "action_time": "2018-10-10T19:20:06.871Z",
      "user": 1,
      "content_type": 14,
      "object_id": "25",
      "object_repr": " \u0417\u0430\u043a\u0430\u0437 Iphone 7 256 \u0433\u0431 ",
      "action_flag": 3,
      "change_message": ""
   }
},
{
   "model": "admin.logentry",
   "pk": 94,
   "fields": {
      "action_time": "2018-10-10T19:20:06.886Z",
      "user": 1,
      "content_type": 14,
      "object_id": "24",
      "object_repr": " \u0417\u0430\u043a\u0430\u0437 Iphone 7 256 \u0433\u0431 ",
      "action_flag": 3,
      "change_message": ""
   }
},
{
   "model": "admin.logentry",
   "pk": 95,
   "fields": {
      "action_time": "2018-10-10T19:20:25.158Z",
      "user": 1,
      "content_type": 14,
      "object_id": "33",
      "object_repr": " \u0417\u0430\u043a\u0430\u0437 samsung ",
      "action_flag": 3,
      "change_message": ""
   }
},
{
   "model": "admin.logentry",
   "pk": 96,
   "fields": {
      "action_time": "2018-10-10T19:20:25.181Z",
      "user": 1,
      "content_type": 14,
      "object_id": "32",
      "object_repr": " \u0417\u0430\u043a\u0430\u0437 samsung ",
      "action_flag": 3,
      "change_message": ""
   }
},
{
   "model": "admin.logentry",
   "pk": 97,
   "fields": {
      "action_time": "2018-10-10T19:20:25.196Z",
      "user": 1,
      "content_type": 14,
      "object_id": "31",
      "object_repr": " \u0417\u0430\u043a\u0430\u0437 samsung ",
      "action_flag": 3,
      "change_message": ""
   }
},
{
   "model": "admin.logentry",
   "pk": 98,
   "fields": {
      "action_time": "2018-10-10T19:23:26.531Z",
      "user": 1,
      "content_type": 14,
      "object_id": "34",
      "object_repr": " \u0417\u0430\u043a\u0430\u0437 samsung ",
      "action_flag": 3,
      "change_message": ""
   }
},
{
   "model": "admin.logentry",
   "pk": 99,
   "fields": {
      "action_time": "2018-10-10T19:23:35.347Z",
      "user": 1,
      "content_type": 14,
      "object_id": "35",
      "object_repr": " \u0417\u0430\u043a\u0430\u0437 Iphone 7 256 \u0433\u0431 ",
      "action_flag": 3,
      "change_message": ""
   }
},
{
   "model": "admin.logentry",
   "pk": 100,
   "fields": {
      "action_time": "2018-10-10T21:16:11.201Z",
      "user": 1,
      "content_type": 14,
      "object_id": "37",
      "object_repr": " \u0417\u0430\u043a\u0430\u0437 samsung ",
      "action_flag": 3,
      "change_message": ""
   }
},
{
   "model": "admin.logentry",
   "pk": 101,
   "fields": {
      "action_time": "2018-10-10T21:16:11.221Z",
      "user": 1,
      "content_type": 14,
      "object_id": "36",
      "object_repr": " \u0417\u0430\u043a\u0430\u0437 Iphone 7 256 \u0433\u0431 ",
      "action_flag": 3,
      "change_message": ""
   }
},
{
   "model": "admin.logentry",
   "pk": 102,
   "fields": {
      "action_time": "2018-10-10T21:40:38.784Z",
      "user": 1,
      "content_type": 14,
      "object_id": "38",
      "object_repr": " \u0417\u0430\u043a\u0430\u0437 samsung ",
      "action_flag": 3,
      "change_message": ""
   }
},
{
   "model": "admin.logentry",
   "pk": 103,
   "fields": {
      "action_time": "2018-10-10T22:38:10.245Z",
      "user": 1,
      "content_type": 14,
      "object_id": "41",
      "object_repr": " \u0417\u0430\u043a\u0430\u0437 Iphone 7 256 \u0433\u0431 ",
      "action_flag": 3,
      "change_message": ""
   }
},
{
   "model": "admin.logentry",
   "pk": 104,
   "fields": {
      "action_time": "2018-10-10T22:38:10.258Z",
      "user": 1,
      "content_type": 14,
      "object_id": "40",
      "object_repr": " \u0417\u0430\u043a\u0430\u0437 Iphone 7 256 \u0433\u0431 ",
      "action_flag": 3,
      "change_message": ""
   }
},
{
   "model": "admin.logentry",
   "pk": 105,
   "fields": {
      "action_time": "2018-10-10T22:38:10.266Z",
      "user": 1,
      "content_type": 14,
      "object_id": "39",
      "object_repr": " \u0417\u0430\u043a\u0430\u0437 samsung ",
      "action_flag": 3,
      "change_message": ""
   }
},
{
   "model": "admin.logentry",
   "pk": 106,
   "fields": {
      "action_time": "2018-10-15T19:29:15.831Z",
      "user": 1,
      "content_type": 14,
      "object_id": "53",
      "object_repr": " \u0417\u0430\u043a\u0430\u0437 \u041d\u043e\u0443\u0442\u0431\u0443\u043a Lenovo 320-15IAP (80XR01CARU) ",
      "action_flag": 3,
      "change_message": ""
   }
},
{
   "model": "admin.logentry",
   "pk": 107,
   "fields": {
      "action_time": "2018-10-15T19:29:15.854Z",
      "user": 1,
      "content_type": 14,
      "object_id": "52",
      "object_repr": " \u0417\u0430\u043a\u0430\u0437 Iphone 7 256 \u0433\u0431 ",
      "action_flag": 3,
      "change_message": ""
   }
},
{
   "model": "admin.logentry",
   "pk": 108,
   "fields": {
      "action_time": "2018-10-15T19:29:15.863Z",
      "user": 1,
      "content_type": 14,
      "object_id": "51",
      "object_repr": " \u0417\u0430\u043a\u0430\u0437 samsung ",
      "action_flag": 3,
      "change_message": ""
   }
},
{
   "model": "admin.logentry",
   "pk": 109,
   "fields": {
      "action_time": "2018-10-15T19:29:15.872Z",
      "user": 1,
      "content_type": 14,
      "object_id": "50",
      "object_repr": " \u0417\u0430\u043a\u0430\u0437 \u041d\u043e\u0443\u0442\u0431\u0443\u043a Lenovo 320-15IAP (80XR01CARU) ",
      "action_flag": 3,
      "change_message": ""
   }
},
{
   "model": "admin.logentry",
   "pk": 110,
   "fields": {
      "action_time": "2018-10-15T19:29:15.880Z",
      "user": 1,
      "content_type": 14,
      "object_id": "49",
      "object_repr": " \u0417\u0430\u043a\u0430\u0437 samsung ",
      "action_flag": 3,
      "change_message": ""
   }
},
{
   "model": "admin.logentry",
   "pk": 111,
   "fields": {
      "action_time": "2018-10-15T19:29:15.887Z",
      "user": 1,
      "content_type": 14,
      "object_id": "48",
      "object_repr": " \u0417\u0430\u043a\u0430\u0437 Iphone 7 256 \u0433\u0431 ",
      "action_flag": 3,
      "change_message": ""
   }
},
{
   "model": "admin.logentry",
   "pk": 112,
   "fields": {
      "action_time": "2018-10-15T19:29:15.896Z",
      "user": 1,
      "content_type": 14,
      "object_id": "47",
      "object_repr": " \u0417\u0430\u043a\u0430\u0437 \u041d\u043e\u0443\u0442\u0431\u0443\u043a Lenovo 320-15IAP (80XR01CARU) ",
      "action_flag": 3,
      "change_message": ""
   }
},
{
   "model": "admin.logentry",
   "pk": 113,
   "fields": {
      "action_time": "2018-10-15T19:29:15.904Z",
      "user": 1,
      "content_type": 14,
      "object_id": "46",
      "object_repr": " \u0417\u0430\u043a\u0430\u0437 samsung ",
      "action_flag": 3,
      "change_message": ""
   }
},
{
   "model": "admin.logentry",
   "pk": 114,
   "fields": {
      "action_time": "2018-10-15T19:29:15.912Z",
      "user": 1,
      "content_type": 14,
      "object_id": "45",
      "object_repr": " \u0417\u0430\u043a\u0430\u0437 samsung ",
      "action_flag": 3,
      "change_message": ""
   }
},
{
   "model": "admin.logentry",
   "pk": 115,
   "fields": {
      "action_time": "2018-10-15T19:29:15.921Z",
      "user": 1,
      "content_type": 14,
      "object_id": "44",
      "object_repr": " \u0417\u0430\u043a\u0430\u0437 Iphone 7 256 \u0433\u0431 ",
      "action_flag": 3,
      "change_message": ""
   }
},
{
   "model": "admin.logentry",
   "pk": 116,
   "fields": {
      "action_time": "2018-10-15T19:29:15.931Z",
      "user": 1,
      "content_type": 14,
      "object_id": "43",
      "object_repr": " \u0417\u0430\u043a\u0430\u0437 Iphone 7 256 \u0433\u0431 ",
      "action_flag": 3,
      "change_message": ""
   }
},
{
   "model": "admin.logentry",
   "pk": 117,
   "fields": {
      "action_time": "2018-10-15T19:29:15.939Z",
      "user": 1,
      "content_type": 14,
      "object_id": "42",
      "object_repr": " \u0417\u0430\u043a\u0430\u0437 Iphone 7 256 \u0433\u0431 ",
      "action_flag": 3,
      "change_message": ""
   }
}
]
